rst, s_axis_tdata, s_axis_tkeep, s_axis_tvalid, s_axis_tready, s_axis_tlast, s_axis_tid, s_axis_tdest, s_axis_tuser, m_axis_tdata, m_axis_tkeep, m_axis_tvalid, m_axis_tready, m_axis_tlast, m_axis_tid, m_axis_tdest, m_axis_tuser
1, 0, 0, 0, 0, 0, 0, 0, 0, 0, 1, 0, 0, 0, 0, 0, 0
0, 2882343476, 15, 15, 0, 0, 16909060, 13, 0, 0, 1, 0, 1, 0, 0, 0, 0
0, 2882343476, 15, 15, 13, 8, 16909060, 13, 0, 0, 1, 0, 1, 0, 0, 0, 0
0, 2882343476, 15, 7, 15, 4, 16909060, 13, 0, 52, 1, 0, 1, 0, 4, 1, 0
0, 2882343476, 15, 3, 15, 2, 16909060, 13, 0, 18, 1, 1, 1, 0, 3, 0, 0
0, 2882343476, 15, 1, 13, 1, 16909060, 0, 0, 18, 1, 1, 1, 1, 3, 0, 0
0, 2882343476, 15, 0, 12, 1, 16909060, 0, 0, 52, 1, 0, 1, 1, 4, 0, 0
0, 2882343476, 15, 0, 12, 1, 16909060, 0, 0, 52, 1, 0, 1, 1, 4, 0, 0
0, 2882343476, 15, 0, 12, 1, 16909060, 0, 0, 52, 1, 0, 1, 1, 4, 0, 0
0, 2882343476, 15, 0, 12, 1, 16909060, 0, 0, 52, 1, 0, 1, 1, 4, 0, 0
0, 2882343476, 15, 0, 12, 1, 16909060, 0, 0, 52, 1, 0, 1, 1, 4, 0, 0
0, 2882343476, 15, 0, 12, 1, 16909060, 0, 0, 52, 1, 0, 1, 1, 4, 0, 0
0, 2882343476, 15, 0, 12, 1, 16909060, 0, 0, 52, 1, 0, 1, 1, 4, 0, 0
0, 2882343476, 15, 0, 12, 1, 16909060, 0, 0, 52, 1, 0, 1, 1, 4, 0, 0
