rst, s_axis_tdata, s_axis_tvalid, s_axis_tready, s_axis_tlast, s_axis_tuser, m_axis_tdata, m_axis_tvalid, m_axis_tready, m_axis_tlast, m_axis_tuser, status_overflow, status_bad_frame, status_good_frame
1, 0, 0, 1, 0, 0, 0, 0, 0, 0, 0, 0, 0, 0
1, 0, 0, 1, 0, 0, 0, 0, 0, 0, 0, 0, 0, 0
1, 0, 0, 1, 0, 0, 0, 0, 0, 0, 0, 0, 0, 0
1, 0, 0, 1, 0, 0, 0, 0, 0, 0, 0, 0, 0, 0
1, 0, 0, 1, 0, 0, 0, 0, 0, 0, 0, 0, 0, 0
1, 0, 0, 1, 0, 0, 0, 0, 0, 0, 0, 0, 0, 0
1, 0, 0, 1, 0, 0, 0, 0, 0, 0, 0, 0, 0, 0
1, 0, 0, 1, 0, 0, 0, 0, 0, 0, 0, 0, 0, 0
1, 0, 0, 1, 0, 0, 0, 0, 0, 0, 0, 0, 0, 0
1, 0, 0, 1, 0, 0, 0, 0, 0, 0, 0, 0, 0, 0
0, 0, 0, 1, 0, 0, 0, 0, 0, 0, 0, 0, 0, 0
0, 0, 0, 1, 0, 0, 0, 0, 0, 0, 0, 0, 0, 0
0, 0, 0, 1, 0, 0, 0, 0, 0, 0, 0, 0, 0, 0
0, 0, 0, 1, 0, 0, 0, 0, 0, 0, 0, 0, 0, 0
0, 0, 0, 1, 0, 0, 0, 0, 0, 0, 0, 0, 0, 0
0, 0, 1, 1, 0, 0, 0, 0, 0, 0, 0, 0, 0, 0
0, 1, 1, 1, 0, 0, 0, 0, 0, 0, 0, 0, 0, 0
0, 2, 1, 1, 0, 0, 0, 0, 0, 0, 0, 0, 0, 0
0, 3, 1, 1, 0, 0, 0, 0, 0, 0, 0, 0, 0, 0
0, 4, 1, 1, 0, 0, 0, 0, 0, 0, 0, 0, 0, 0
0, 5, 1, 1, 0, 0, 0, 0, 0, 0, 0, 0, 0, 0
0, 6, 1, 1, 0, 0, 0, 0, 0, 0, 0, 0, 0, 0
0, 7, 1, 1, 0, 0, 0, 0, 0, 0, 0, 0, 0, 0
0, 8, 1, 1, 0, 0, 0, 0, 0, 0, 0, 0, 0, 0
0, 9, 1, 1, 0, 0, 0, 0, 0, 0, 0, 0, 0, 0
0, 233, 1, 1, 1, 0, 0, 0, 0, 0, 0, 0, 0, 0
0, 0, 0, 1, 0, 0, 0, 0, 0, 0, 0, 0, 0, 1
0, 0, 0, 1, 0, 0, 0, 0, 0, 0, 0, 0, 0, 0
0, 0, 0, 1, 0, 0, 0, 1, 0, 0, 0, 0, 0, 0
0, 0, 0, 1, 0, 0, 0, 1, 0, 0, 0, 0, 0, 0
0, 0, 0, 1, 0, 0, 0, 1, 0, 0, 0, 0, 0, 0
0, 0, 0, 1, 0, 0, 0, 1, 0, 0, 0, 0, 0, 0
0, 0, 1, 1, 0, 0, 0, 1, 0, 0, 0, 0, 0, 0
0, 1, 1, 1, 0, 0, 0, 1, 0, 0, 0, 0, 0, 0
0, 2, 1, 1, 0, 0, 0, 1, 0, 0, 0, 0, 0, 0
0, 3, 1, 1, 0, 0, 0, 1, 0, 0, 0, 0, 0, 0
0, 4, 1, 1, 0, 0, 0, 1, 0, 0, 0, 0, 0, 0
0, 5, 1, 1, 0, 0, 0, 1, 0, 0, 0, 0, 0, 0
0, 6, 1, 1, 0, 0, 0, 1, 0, 0, 0, 0, 0, 0
0, 7, 1, 1, 0, 0, 0, 1, 0, 0, 0, 0, 0, 0
0, 8, 1, 1, 0, 0, 0, 1, 0, 0, 0, 0, 0, 0
0, 9, 1, 1, 0, 0, 0, 1, 0, 0, 0, 0, 0, 0
0, 233, 1, 1, 1, 0, 0, 1, 0, 0, 0, 0, 0, 0
0, 0, 0, 1, 0, 0, 0, 1, 0, 0, 0, 0, 0, 1
0, 0, 0, 1, 0, 0, 0, 1, 0, 0, 0, 0, 0, 0
0, 0, 0, 1, 0, 0, 0, 1, 0, 0, 0, 0, 0, 0
0, 0, 0, 1, 0, 0, 0, 1, 0, 0, 0, 0, 0, 0
0, 0, 0, 1, 0, 0, 0, 1, 0, 0, 0, 0, 0, 0
0, 0, 0, 1, 0, 0, 0, 1, 0, 0, 0, 0, 0, 0
0, 0, 1, 1, 0, 0, 0, 1, 0, 0, 0, 0, 0, 0
0, 1, 1, 1, 0, 0, 0, 1, 0, 0, 0, 0, 0, 0
0, 2, 1, 1, 0, 0, 0, 1, 0, 0, 0, 0, 0, 0
0, 3, 1, 1, 0, 0, 0, 1, 0, 0, 0, 0, 0, 0
0, 4, 1, 1, 0, 0, 0, 1, 0, 0, 0, 0, 0, 0
0, 5, 1, 1, 0, 0, 0, 1, 0, 0, 0, 0, 0, 0
0, 6, 1, 1, 0, 0, 0, 1, 0, 0, 0, 0, 0, 0
0, 7, 1, 1, 0, 0, 0, 1, 0, 0, 0, 0, 0, 0
0, 8, 1, 1, 0, 0, 0, 1, 0, 0, 0, 0, 0, 0
0, 9, 1, 1, 0, 0, 0, 1, 0, 0, 0, 0, 0, 0
0, 233, 1, 1, 1, 0, 0, 1, 0, 0, 0, 0, 0, 0
0, 0, 0, 1, 0, 0, 0, 1, 0, 0, 0, 0, 0, 1
0, 0, 0, 1, 0, 0, 0, 1, 0, 0, 0, 0, 0, 0
0, 0, 0, 1, 0, 0, 0, 1, 0, 0, 0, 0, 0, 0
0, 0, 0, 1, 0, 0, 0, 1, 0, 0, 0, 0, 0, 0
0, 0, 0, 1, 0, 0, 0, 1, 0, 0, 0, 0, 0, 0
0, 0, 0, 1, 0, 0, 0, 1, 0, 0, 0, 0, 0, 0
0, 0, 1, 1, 0, 0, 0, 1, 0, 0, 0, 0, 0, 0
0, 1, 1, 0, 0, 0, 0, 1, 0, 0, 0, 0, 0, 0
0, 2, 1, 0, 0, 0, 0, 1, 0, 0, 0, 0, 0, 0
0, 3, 1, 0, 0, 0, 0, 1, 0, 0, 0, 0, 0, 0
0, 4, 1, 0, 0, 0, 0, 1, 0, 0, 0, 0, 0, 0
0, 5, 1, 0, 0, 0, 0, 1, 0, 0, 0, 0, 0, 0
0, 6, 1, 0, 0, 0, 0, 1, 0, 0, 0, 0, 0, 0
0, 7, 1, 0, 0, 0, 0, 1, 0, 0, 0, 0, 0, 0
0, 8, 1, 0, 0, 0, 0, 1, 0, 0, 0, 0, 0, 0
0, 9, 1, 0, 0, 0, 0, 1, 0, 0, 0, 0, 0, 0
0, 233, 1, 0, 1, 0, 0, 1, 0, 0, 0, 0, 0, 0
0, 0, 0, 0, 0, 0, 0, 1, 0, 0, 0, 0, 0, 0
0, 0, 0, 0, 0, 0, 0, 1, 0, 0, 0, 0, 0, 0
0, 0, 0, 0, 0, 0, 0, 1, 0, 0, 0, 0, 0, 0
0, 0, 0, 0, 0, 0, 0, 1, 0, 0, 0, 0, 0, 0
0, 0, 0, 0, 0, 0, 0, 1, 0, 0, 0, 0, 0, 0
0, 0, 0, 0, 0, 0, 0, 1, 0, 0, 0, 0, 0, 0
0, 0, 1, 0, 0, 0, 0, 1, 0, 0, 0, 0, 0, 0
0, 1, 1, 0, 0, 0, 0, 1, 0, 0, 0, 0, 0, 0
0, 2, 1, 0, 0, 0, 0, 1, 0, 0, 0, 0, 0, 0
0, 3, 1, 0, 0, 0, 0, 1, 0, 0, 0, 0, 0, 0
0, 4, 1, 0, 0, 0, 0, 1, 0, 0, 0, 0, 0, 0
0, 5, 1, 0, 0, 0, 0, 1, 0, 0, 0, 0, 0, 0
0, 6, 1, 0, 0, 0, 0, 1, 0, 0, 0, 0, 0, 0
0, 7, 1, 0, 0, 0, 0, 1, 0, 0, 0, 0, 0, 0
0, 8, 1, 0, 0, 0, 0, 1, 0, 0, 0, 0, 0, 0
0, 9, 1, 0, 0, 0, 0, 1, 0, 0, 0, 0, 0, 0
0, 233, 1, 0, 1, 0, 0, 1, 0, 0, 0, 0, 0, 0
0, 0, 0, 0, 0, 0, 0, 1, 0, 0, 0, 0, 0, 0
0, 0, 0, 0, 0, 0, 0, 1, 0, 0, 0, 0, 0, 0
0, 0, 0, 0, 0, 0, 0, 1, 0, 0, 0, 0, 0, 0
0, 0, 0, 0, 0, 0, 0, 1, 0, 0, 0, 0, 0, 0
0, 0, 0, 0, 0, 0, 0, 1, 0, 0, 0, 0, 0, 0
0, 0, 0, 0, 0, 0, 0, 1, 0, 0, 0, 0, 0, 0
0, 0, 1, 0, 0, 0, 0, 1, 0, 0, 0, 0, 0, 0
0, 1, 1, 0, 0, 0, 0, 1, 0, 0, 0, 0, 0, 0
0, 2, 1, 0, 0, 0, 0, 1, 0, 0, 0, 0, 0, 0
0, 3, 1, 0, 0, 0, 0, 1, 0, 0, 0, 0, 0, 0
0, 4, 1, 0, 0, 0, 0, 1, 0, 0, 0, 0, 0, 0
0, 5, 1, 0, 0, 0, 0, 1, 0, 0, 0, 0, 0, 0
0, 6, 1, 0, 0, 0, 0, 1, 0, 0, 0, 0, 0, 0
0, 7, 1, 0, 0, 0, 0, 1, 0, 0, 0, 0, 0, 0
0, 8, 1, 0, 0, 0, 0, 1, 0, 0, 0, 0, 0, 0
0, 9, 1, 0, 0, 0, 0, 1, 0, 0, 0, 0, 0, 0
0, 233, 1, 0, 1, 0, 0, 1, 0, 0, 0, 0, 0, 0
0, 0, 0, 0, 0, 0, 0, 1, 0, 0, 0, 0, 0, 0
0, 0, 0, 0, 0, 0, 0, 1, 0, 0, 0, 0, 0, 0
0, 0, 0, 0, 0, 0, 0, 1, 0, 0, 0, 0, 0, 0
0, 0, 0, 0, 0, 0, 0, 1, 0, 0, 0, 0, 0, 0
0, 0, 0, 0, 0, 0, 0, 1, 0, 0, 0, 0, 0, 0
0, 0, 0, 0, 0, 0, 0, 1, 0, 0, 0, 0, 0, 0
0, 0, 1, 0, 0, 0, 0, 1, 0, 0, 0, 0, 0, 0
0, 1, 1, 0, 0, 0, 0, 1, 0, 0, 0, 0, 0, 0
0, 2, 1, 0, 0, 0, 0, 1, 0, 0, 0, 0, 0, 0
0, 3, 1, 0, 0, 0, 0, 1, 0, 0, 0, 0, 0, 0
0, 4, 1, 0, 0, 0, 0, 1, 0, 0, 0, 0, 0, 0
0, 5, 1, 0, 0, 0, 0, 1, 0, 0, 0, 0, 0, 0
0, 6, 1, 0, 0, 0, 0, 1, 0, 0, 0, 0, 0, 0
0, 7, 1, 0, 0, 0, 0, 1, 0, 0, 0, 0, 0, 0
0, 8, 1, 0, 0, 0, 0, 1, 0, 0, 0, 0, 0, 0
0, 9, 1, 0, 0, 0, 0, 1, 0, 0, 0, 0, 0, 0
0, 233, 1, 0, 1, 0, 0, 1, 0, 0, 0, 0, 0, 0
0, 0, 0, 0, 0, 0, 0, 1, 0, 0, 0, 0, 0, 0
0, 0, 0, 0, 0, 0, 0, 1, 0, 0, 0, 0, 0, 0
0, 0, 0, 0, 0, 0, 0, 1, 0, 0, 0, 0, 0, 0
0, 0, 0, 0, 0, 0, 0, 1, 0, 0, 0, 0, 0, 0
0, 0, 0, 0, 0, 0, 0, 1, 0, 0, 0, 0, 0, 0
0, 0, 0, 0, 0, 0, 0, 1, 0, 0, 0, 0, 0, 0
0, 0, 1, 0, 0, 0, 0, 1, 0, 0, 0, 0, 0, 0
0, 1, 1, 0, 0, 0, 0, 1, 0, 0, 0, 0, 0, 0
0, 2, 1, 0, 0, 0, 0, 1, 0, 0, 0, 0, 0, 0
0, 3, 1, 0, 0, 0, 0, 1, 0, 0, 0, 0, 0, 0
0, 4, 1, 0, 0, 0, 0, 1, 0, 0, 0, 0, 0, 0
0, 5, 1, 0, 0, 0, 0, 1, 0, 0, 0, 0, 0, 0
0, 6, 1, 0, 0, 0, 0, 1, 0, 0, 0, 0, 0, 0
0, 7, 1, 0, 0, 0, 0, 1, 0, 0, 0, 0, 0, 0
0, 8, 1, 0, 0, 0, 0, 1, 0, 0, 0, 0, 0, 0
0, 9, 1, 0, 0, 0, 0, 1, 0, 0, 0, 0, 0, 0
0, 233, 1, 0, 1, 0, 0, 1, 0, 0, 0, 0, 0, 0
0, 0, 0, 0, 0, 0, 0, 1, 0, 0, 0, 0, 0, 0
0, 0, 0, 0, 0, 0, 0, 1, 0, 0, 0, 0, 0, 0
0, 0, 0, 0, 0, 0, 0, 1, 0, 0, 0, 0, 0, 0
0, 0, 0, 0, 0, 0, 0, 1, 0, 0, 0, 0, 0, 0
0, 0, 0, 0, 0, 0, 0, 1, 0, 0, 0, 0, 0, 0
0, 0, 0, 0, 0, 0, 0, 1, 0, 0, 0, 0, 0, 0
0, 0, 1, 0, 0, 0, 0, 1, 0, 0, 0, 0, 0, 0
0, 1, 1, 0, 0, 0, 0, 1, 0, 0, 0, 0, 0, 0
0, 2, 1, 0, 0, 0, 0, 1, 0, 0, 0, 0, 0, 0
0, 3, 1, 0, 0, 0, 0, 1, 0, 0, 0, 0, 0, 0
0, 4, 1, 0, 0, 0, 0, 1, 0, 0, 0, 0, 0, 0
0, 5, 1, 0, 0, 0, 0, 1, 0, 0, 0, 0, 0, 0
0, 6, 1, 0, 0, 0, 0, 1, 0, 0, 0, 0, 0, 0
0, 7, 1, 0, 0, 0, 0, 1, 0, 0, 0, 0, 0, 0
0, 8, 1, 0, 0, 0, 0, 1, 0, 0, 0, 0, 0, 0
0, 9, 1, 0, 0, 0, 0, 1, 0, 0, 0, 0, 0, 0
0, 233, 1, 0, 1, 0, 0, 1, 0, 0, 0, 0, 0, 0
0, 0, 0, 0, 0, 0, 0, 1, 0, 0, 0, 0, 0, 0
0, 0, 0, 0, 0, 0, 0, 1, 0, 0, 0, 0, 0, 0
0, 0, 0, 0, 0, 0, 0, 1, 0, 0, 0, 0, 0, 0
0, 0, 0, 0, 0, 0, 0, 1, 0, 0, 0, 0, 0, 0
0, 0, 0, 0, 0, 0, 0, 1, 0, 0, 0, 0, 0, 0
0, 0, 0, 0, 0, 0, 0, 1, 0, 0, 0, 0, 0, 0
0, 0, 1, 0, 0, 0, 0, 1, 0, 0, 0, 0, 0, 0
0, 1, 1, 0, 0, 0, 0, 1, 0, 0, 0, 0, 0, 0
0, 2, 1, 0, 0, 0, 0, 1, 0, 0, 0, 0, 0, 0
0, 3, 1, 0, 0, 0, 0, 1, 0, 0, 0, 0, 0, 0
0, 4, 1, 0, 0, 0, 0, 1, 0, 0, 0, 0, 0, 0
0, 5, 1, 0, 0, 0, 0, 1, 0, 0, 0, 0, 0, 0
0, 6, 1, 0, 0, 0, 0, 1, 0, 0, 0, 0, 0, 0
0, 7, 1, 0, 0, 0, 0, 1, 0, 0, 0, 0, 0, 0
0, 8, 1, 0, 0, 0, 0, 1, 0, 0, 0, 0, 0, 0
0, 9, 1, 0, 0, 0, 0, 1, 0, 0, 0, 0, 0, 0
0, 233, 1, 0, 1, 0, 0, 1, 0, 0, 0, 0, 0, 0
0, 0, 0, 0, 0, 0, 0, 1, 0, 0, 0, 0, 0, 0
0, 0, 0, 0, 0, 0, 0, 1, 0, 0, 0, 0, 0, 0
0, 0, 0, 0, 0, 0, 0, 1, 0, 0, 0, 0, 0, 0
0, 0, 0, 0, 0, 0, 0, 1, 0, 0, 0, 0, 0, 0
0, 0, 0, 0, 0, 0, 0, 1, 0, 0, 0, 0, 0, 0
0, 0, 0, 0, 0, 0, 0, 1, 0, 0, 0, 0, 0, 0
